epsilon,fiedler_clean,fiedler_noisy,fiedler_ratio,fiedler_delta
0.05,2.420102019443595e-05,0.0003586111384709409,14.818017405455867,0.0003344101182765049
0.1,2.42010201944362e-05,0.000616812482466496,25.48704465807193,0.0005926114622720598
0.2,2.420102019443593e-05,0.00011279949354677779,4.660939606699373,8.859847335234186e-05
0.5,2.4201020194435934e-05,0.000109391601052093,4.520123539140853,8.519058085765706e-05
1.0,2.4201020194435934e-05,0.00019599212348681092,8.09850667088289,0.000171791103292375
2.0,2.420102019443593e-05,8.936247611329083e-05,3.692508637872886,6.51614559188549e-05
