epsilon,macro_f1,adv_auc,adv_acc,priv_gain,random_baseline_priv_gain,noise_scale,spectral_gap,noise_to_gap,fiedler_clean,fiedler_noisy,fiedler_ratio
0.05,0.5972,0.5609999999999999,0.611875,0.138125,,0.34176255283909907,0.0004901486537150707,697.2630654980228,2.420102019443595e-05,0.0003586111384709409,14.818017405455867
0.1,0.603,0.5499,0.598275,0.151725,,0.17088127641954953,0.0004901486537150701,348.63153274901185,2.42010201944362e-05,0.000616812482466496,25.48704465807193
0.2,0.6111,0.563425,0.594375,0.155625,,0.08544063820977477,0.0004901486537150709,174.31576637450564,2.420102019443593e-05,0.00011279949354677779,4.660939606699373
0.5,0.817,0.77085,0.744825,0.005175000000000002,,0.034176255283909905,0.0004901486537150713,69.7263065498022,2.4201020194435934e-05,0.000109391601052093,4.520123539140853
1.0,0.9064,0.7664249999999999,0.783425,-0.033425,,0.017088127641954953,0.0004901486537150713,34.8631532749011,2.4201020194435934e-05,0.00019599212348681092,8.09850667088289
2.0,0.9214,0.7948,0.7824,-0.0324,,0.008544063820977476,0.0004901486537150705,17.43157663745058,2.420102019443593e-05,8.936247611329083e-05,3.692508637872886
